Variable,VIF
age,1.0131774186494669
gender,1.0093047039566154
parent_edu,1.0097881134755637
low_income,1.0130896531201004
recruit_source,1.005239014390124
offline_bullying_T1,1.4358054237673796
cyberbullying_T1,1.494346039795211
family_support_T1,1.175528064907772
withdrawal_T2,1.3282847652657346
