Contrast,Diff_mean,Diff_SE,Wald_chi2_1df,p_value,CI_low,CI_high
Cyber vs Offline on Withdrawal,0.16963681719586565,0.09811193365872675,2.9894862518117167,0.0838067530318609,-0.022662572775238782,0.36193620716697006
